SurveyId,AmazonIdentifier,AssignmentId,DurationInSeconds,StartTime,CompletionTime,ApprovalStatus,AmountPaid,AmountBonused,Estimated CloudResearch Fee,Actual Completion Code,Expected Completion Code,Gender,GenderConsistency,Feedback
315560,A19CB2C4GY4C60,3VZLGYJEYVJQYFSNDU7L5ZU78VFZXW,3657,8/30/2021 9:02:50 PM,8/30/2021 10:03:47 PM,Approved,6.05,1.41,0.827000,82Z7LNQEL8,82Z7LNQEL8,Male,100.00 %,
315560,A2LT6KC1X51FVW,3PW9OPU9P0TS234IHUD0NFGZI75122,4081,8/30/2021 9:24:11 PM,8/30/2021 10:32:12 PM,Approved,6.05,1.41,0.827000,825GU3P98,825GU3P98,Male,100.00 %,
315560,ADJ9I7ZBFYFH7,39DD6S19JZKHSF16IPHTHA90SPFEZD,3306,8/30/2021 10:41:31 PM,8/30/2021 11:36:37 PM,Approved,6.05,1.41,0.827000,82E9HFZ634,82E9HFZ634,Male,100.00 %,
315560,A310N8EXJNXVCA,3W92K5RLW4Q0NC336RZNSAQRRLCV5V,2903,8/30/2021 11:00:10 PM,8/30/2021 11:48:33 PM,Approved,6.05,1.41,0.827000,82VRN3QR92,82VRN3QR92,Male,100.00 %,
315560,A2GM5BW75YCKKW,3RJSC4XJ1A3KUB2N3UBY7H01XP505E,3664,8/30/2021 11:56:28 PM,8/31/2021 12:57:32 AM,Approved,6.05,1.41,0.827000,82573UJS8,82573UJS8,Female,100.00 %,
315560,A11GWITH08KSKG,3TE22NPXPLLJXGGO8QFQESK0E5U44X,3005,8/31/2021 12:43:00 AM,8/31/2021 1:33:05 AM,Approved,6.05,1.41,0.827000,824KFGLNT2,824KFGLNT2,Female,100.00 %,
315560,A3OKWRLKLYVH4F,3A4NIXBJ7G8VZECFKME3M33BMICML5,3310,8/31/2021 12:57:37 AM,8/31/2021 1:52:47 AM,Approved,6.05,1.41,0.827000,82MB3FVJN8,82MB3FVJN8,Male,100.00 %,
315560,A2OZGNW6THEMJ,3RGU30DZTKHP4OOFH12Q6OQJIT9JM2,3424,8/31/2021 1:21:55 AM,8/31/2021 2:18:59 AM,Approved,6.05,1.41,0.827000,82JJ2PZG2,82JJ2PZG2,Female,100.00 %,
315560,AUQTHU5AOZVQC,3VNXK88KKMRJOZ5F9HC44QVTDI59VC,3715,8/31/2021 9:02:05 AM,8/31/2021 10:04:00 AM,Approved,6.05,1.41,0.827000,829T4FR8N2,829T4FR8N2,Male,100.00 %,
315560,A2LV5432PV1S39,3WR9XG3T6DKGG3Y7AODXH44A59T74X,3622,8/31/2021 10:40:57 AM,8/31/2021 11:41:19 AM,Approved,6.05,1.41,0.827000,827AXYK3R2,827AXYK3R2,,,
315560,A2AAY4VT9L71SY,326O153BMS7EPEWAQ7SWQIQXED0EDV,2551,10/22/2021 3:16:13 PM,10/22/2021 3:58:44 PM,Pending,0.00,0.00,0.827000,82EQSW7334,82EQSW7334,Male,100.00 %,
315560,A2389DERMNF3ZB,3137ONMDKQEH1Y61SXT4W3TUR5GEG5,4075,10/22/2021 3:17:05 PM,10/22/2021 4:25:00 PM,Pending,0.00,0.00,0.827000,82EU46QN8,82EU46QN8,Female,100.00 %,
315560,A5EU1AQJNC7F2,38BQUHLA96935ZFCXEUVEK75RT1OMU,3032,10/22/2021 3:35:01 PM,10/22/2021 4:25:33 PM,Pending,0.00,0.00,0.827000,82TKEZ6H82,82TKEZ6H82,Female,100.00 %,
315560,ACSS93E03ZUGX,3AMW0RGHONBR8HCDOFMAGZ1V6O4PN9,4157,10/22/2021 3:18:35 PM,10/22/2021 4:27:52 PM,Pending,0.00,0.00,0.827000,82PZF8HM2,82PZF8HM2,Female,100.00 %,
315560,A1IZ4NX41GKU4X,3TS1AR6UQ0NQEJVWU59G881143DF7M,5236,10/22/2021 3:22:41 PM,10/22/2021 4:49:57 PM,Pending,0.00,0.00,0.827000,A1IZ4NX41GKU4X,82F85JQA8,Male,100.00 %,
315560,A2CQP9DZSDUC5V,37UEWGM5H3H96NL3WKS1ONO745U1RC,4413,10/22/2021 3:53:31 PM,10/22/2021 5:07:04 PM,Pending,0.00,0.00,0.827000,82UN395E8,82UN395E8,Female,100.00 %,
315560,AQXRHIMQ7UK7O,3VW04L3ZL3F1TKS8CCJ08EEWA2XXX1,3365,10/22/2021 6:41:22 PM,10/22/2021 7:37:27 PM,Pending,0.00,0.00,0.827000,82XECKL48,82XECKL48,Female,100.00 %,
315560,A2A52EATFDQJ1P,3L4D84MIL913CAN4Q4MDEJINBE6JHD,3545,10/22/2021 7:17:31 PM,10/22/2021 8:16:36 PM,Pending,0.00,0.00,0.827000,82JND43M42,82JND43M42,Female,100.00 %,
315560,A39C1BN9ZSQ0R2,31HQ4X3T32JYX9PK4JAPYC2HOFSLS4,3192,10/23/2021 12:28:49 AM,10/23/2021 1:22:01 AM,Pending,0.00,0.00,0.827000,82L2APJ3H2,82L2APJ3H2,Male,100.00 %,
315560,A1JO6AY55FG7QU,3ATTHHXXWKX43P3DDQJZ54RHMRDIXA,3612,10/23/2021 2:27:26 AM,10/23/2021 3:27:38 AM,Pending,0.00,0.00,0.827000,82IHZD4XT8,82IHZD4XT8,Female,100.00 %,
315560,A1JV64BL3WCK0G,3E13VNJ1NX4WDOIK6XYSAVNGHDQ1IV,3326,10/23/2021 2:20:46 PM,10/23/2021 3:16:12 PM,Pending,0.00,0.00,0.827000,82QNYIXV8,82QNYIXV8,Female,100.00 %,
315560,A3GNQDFPZALU92,34HJIJKLPF5IRTZ3SMGDNIKD1274VP,3305,10/24/2021 3:09:28 AM,10/24/2021 4:04:33 AM,Pending,0.00,0.00,0.827000,824KGZ5KH2,824KGZ5KH2,Male,100.00 %,
315560,AQJWO4YPR3LUQ,3I7DHKZYGX9BRFHD6CUJAON5DAC5FH,4767,10/25/2021 12:01:02 PM,10/25/2021 1:20:29 PM,Pending,0.00,0.00,0.827000,8255UH9Z72,8255UH9Z72,Female,100.00 %,
315560,A3R19ZA45J8915,36W0OB37H6NTCPS88QPZ2D6DUQBZHY,3650,10/25/2021 5:04:54 PM,10/25/2021 6:05:44 PM,Pending,0.00,0.00,0.827000,82ZDZ8T762,82ZDZ8T762,Female,100.00 %,
315560,AZ223PTWQ4AYF,30JNVC0ORJTKYXRHLU6MBKU9QKDHQ4,3895,10/30/2021 12:03:20 PM,10/30/2021 1:08:15 PM,Pending,0.00,0.00,0.827000,82H9MHKC34,82H9MHKC34,Female,100.00 %,
315560,A31Z5TPD8QKE26,3K2755HG52C6VSW6LIC280BXRUUDFO,2787,10/31/2021 7:30:35 PM,10/31/2021 8:17:02 PM,Pending,0.00,0.00,0.827000,82UBIS25K2,82UBIS25K2,Male,100.00 %,
315560,A3F90N8YVKJ4I7,3PXX5PX6L77IK4HEW6Z4Z9C6RWNABP,3408,11/1/2021 12:28:38 PM,11/1/2021 1:25:26 PM,Pending,0.00,0.00,0.827000,82A64EI6X8,82A64EI6X8,Male,100.00 %,
315560,A22AKWWFAN7VQM,33ISQZVXPZVPNO6IUKRQGO8C9NACC8,3377,11/1/2021 10:43:12 PM,11/1/2021 11:39:29 PM,Pending,0.00,0.00,0.827000,82CCR6ZZ32,82CCR6ZZ32,Male,100.00 %,
315560,A1QEQOI98976S0,3UWN2HHPU8EOL9S5GWQ4B466UUTSNJ,2688,11/2/2021 12:50:26 AM,11/2/2021 1:35:14 AM,Pending,0.00,0.00,0.827000,82S645EHW2,82S645EHW2,Male,100.00 %,
315560,AXKVHJHF1EOVT,3FTYUGLFS4UETV3HF6ZTMOKK26JD5K,3113,11/2/2021 12:50:27 AM,11/2/2021 1:42:20 AM,Pending,0.00,0.00,0.827000,82DKZ3ULT2,82DKZ3ULT2,Male,100.00 %,
315560,A3388HIWAKD3DV,31EUONYN25CMVM9LB6VM1GQIJ8SVO6,3225,11/2/2021 12:51:50 AM,11/2/2021 1:45:35 AM,Pending,0.00,0.00,0.827000,82SQ6M5N8,82SQ6M5N8,Male,100.00 %,
315560,A2YC6PEMIRSOAA,3DY4FPOOABXPSZ113YCQVBVNUVCVRF,3440,11/2/2021 12:50:27 AM,11/2/2021 1:47:47 AM,Pending,0.00,0.00,0.827000,82VNQZB48,82VNQZB48,Female,100.00 %,
315560,AKNYT1NTK2UFK,3LEP4MGT3Q9GIBKQGGQ6PAKCC2BDBR,1868,11/2/2021 1:23:55 AM,11/2/2021 1:55:03 AM,Pending,0.00,0.00,0.827000,AKNYT1NTK2UFK,82DC6QGTP8,Female,100.00 %,
315560,A2QTL039A5VV3I,3ZR9AIQJULI2YSYNPPSO2PUN8LG04A,3937,11/2/2021 12:50:27 AM,11/2/2021 1:56:04 AM,Pending,0.00,0.00,0.827000,82GUPSLIZ2,82GUPSLIZ2,Male,100.00 %,
315560,A25PFSORDO3SWQ,36U2A8VAGB8K9PJBIPQD1YD3HKKYKY,4099,11/2/2021 12:54:44 AM,11/2/2021 2:03:03 AM,Pending,0.00,0.00,0.827000,82Y3QJ8VU2,82Y3QJ8VU2,Male,100.00 %,
315560,A24CG5BTB8KQ39,3JJVG1YBEL6LEY5X1A8NRYWKZL85B6,4403,11/2/2021 12:50:44 AM,11/2/2021 2:04:07 AM,Pending,0.00,0.00,0.827000,825KN56YJ2,825KN56YJ2,Female,100.00 %,
315560,AIHHRINW9IN1I,3YW4XOSQK0U1MFDK0EN6TYBRCQB1U2,4357,11/2/2021 12:58:23 AM,11/2/2021 2:11:00 AM,Pending,0.00,0.00,0.827000,82BBNFQW2,82BBNFQW2,Female,100.00 %,
315560,A2V27A9GZA1NR2,30ZX6P7VFI4ZXKKM7JJ6RFCLNGQ2JN,5268,11/2/2021 12:50:25 AM,11/2/2021 2:18:13 AM,Pending,0.00,0.00,0.827000,A2V27A9GZA1NR2,822L6MZVX2,Male,100.00 %,
315560,A3L2XKXABNO0N5,3Z7VU45IP8QI8E7U61MEAQQ6E8QZ1P,4871,11/2/2021 1:05:48 AM,11/2/2021 2:26:59 AM,Pending,0.00,0.00,0.827000,82QQME84Z2,82QQME84Z2,Female,100.00 %,
315560,A10AVWALIHR4UQ,3FK0YFF9P9PHL6IICIH0W8KQF1QVV9,4557,11/2/2021 1:19:14 AM,11/2/2021 2:35:11 AM,Pending,0.00,0.00,0.827000,82VKI69F34,82VKI69F34,Male,100.00 %,
315560,A2J19EIW5MDXE9,33F859I56GMXURPS2C9WGVZA4UZBHT,3768,11/2/2021 1:33:35 AM,11/2/2021 2:36:23 AM,Pending,0.00,0.00,0.827000,82BAWSX588,82BAWSX588,Male,100.00 %,
315560,A3CDWPBKYDDASL,33L7PJKHCQ74X2IGZU6B3CCX7I8T8L,5004,11/2/2021 1:18:06 AM,11/2/2021 2:41:30 AM,Pending,0.00,0.00,0.827000,82TXBG4H78,82TXBG4H78,Male,100.00 %,
315560,A13WTEQ06V3B6D,354GIDR5ZLFLZ4GM6O5MQM4AR9000U,4434,11/2/2021 1:42:46 AM,11/2/2021 2:56:40 AM,Pending,0.00,0.00,0.827000,82RQML5G8,82RQML5G8,Male,100.00 %,
315560,A2NA6X1SON3KFH,388U7OUMFHA9ZY0L01O1AI5X00F0RA,3177,11/2/2021 2:21:30 AM,11/2/2021 3:14:27 AM,Pending,0.00,0.00,0.827000,82FA9M82,82FA9M82,Male,100.00 %,
315560,A1W7I6FN183I8F,30LSNF239443290GP1Y6FEXLA112IB,3303,11/2/2021 2:22:11 AM,11/2/2021 3:17:14 AM,Pending,0.00,0.00,0.827000,822EP33S2,822EP33S2,Male,100.00 %,
315560,A2AZYU1CT24O0K,3PIWWX1FJTFZ3GIUE4PYQWY2PSSJJ9,2861,11/2/2021 2:29:35 AM,11/2/2021 3:17:16 AM,Pending,0.00,0.00,0.827000,82J2YUZFI2,82J2YUZFI2,Male,100.00 %,
315560,A6MWJK1YEY5L2,378XPAWRUMMS7CVK2GRLLWGJMQ8IAF,5336,11/2/2021 2:21:09 AM,11/2/2021 3:50:05 AM,Pending,0.00,0.00,0.827000,82IJLKSRX8,82IJLKSRX8,Male,100.00 %,
315560,A13QKJKQSK23CD,3Q5C1WP23WAK10N5ZDFYLMJBDAF51N,865,11/2/2021 4:03:25 AM,11/2/2021 4:17:50 AM,Pending,0.00,0.00,0.827000,82FJFN3C8,82FJFN3C8,Male,50.00 %,
315560,A1ZLLYRW6GIVC7,37Z929RLGJHMGMXPDSCGK3CYJD4TSC,4269,11/2/2021 3:25:17 AM,11/2/2021 4:36:26 AM,Pending,0.00,0.00,0.827000,82TYGPML98,82TYGPML98,Female,100.00 %,
315560,AXKTYKCT9NGHS,3FQ5JJ512VXQXQFXBNH2KIFWD1CNKV,3968,11/2/2021 5:24:56 AM,11/2/2021 6:31:04 AM,Pending,0.00,0.00,0.827000,82NFHFXJF2,82NFHFXJF2,Female,100.00 %,
315560,A24Z9RP5YZZ2TY,3HMIGG0U4VF0EOHA90TABT4CN308Y2,2879,11/3/2021 6:29:45 PM,11/3/2021 7:17:44 PM,Pending,0.00,0.00,0.827000,8284TEUM2,8284TEUM2,Male,100.00 %,
315560,A2ATBS6XTIZE89,3D8YOU6S9OTWT1EH6KZNOU28LKYU63,3047,11/3/2021 6:28:18 PM,11/3/2021 7:19:05 PM,Pending,0.00,0.00,0.827000,82U8ZE9Y8,82U8ZE9Y8,Male,100.00 %,
315560,AQKC1VIZAZ6VI,3O6CYIULENAUNGTNX2CRMO1L9MSWU7,3006,11/3/2021 6:31:21 PM,11/3/2021 7:21:27 PM,Pending,0.00,0.00,0.827000,82WL2GNI34,82WL2GNI34,Male,100.00 %,
315560,AS2MFSWNC5CQI,3NGI5ARFT3EOUA5OJSOCJSOS5SQP14,3329,11/3/2021 6:26:46 PM,11/3/2021 7:22:15 PM,Pending,0.00,0.00,0.827000,82QSJERG2,82QSJERG2,Female,100.00 %,
315560,A1SYMCOR29IWNA,3E7TUJ2EGMVXUI5TIWCAY4PMPLCD9O,3261,11/3/2021 6:27:57 PM,11/3/2021 7:22:18 PM,Pending,0.00,0.00,0.827000,143811,82CPC5V272,Male,100.00 %,
315560,A3EHDY67QENKPT,30LB5CDZNMJI1PMCAIIEWL7WAZS0ZY,3532,11/3/2021 6:27:44 PM,11/3/2021 7:26:36 PM,Pending,0.00,0.00,0.827000,82S7IMMC34,82S7IMMC34,Female,100.00 %,
315560,A2EH7IQCDH2Q5D,3JRJSWSMQRUG7MUDXIMKD94LP54E32,3463,11/3/2021 6:33:28 PM,11/3/2021 7:31:11 PM,Pending,0.00,0.00,0.827000,82ELKDGMJ8,82ELKDGMJ8,,,
315560,A2J51BI7XS5ZYU,34Q075JO17ML6T14279M4RNKXKF10A,3903,11/3/2021 6:27:03 PM,11/3/2021 7:32:06 PM,Pending,0.00,0.00,0.827000,82KR76J42,82KR76J42,Male,100.00 %,
315560,AIA7RZSAONU5M,3OE22WJIGSXP3JX1LTDLUZJZLLAQUW,4079,11/3/2021 6:26:45 PM,11/3/2021 7:34:44 PM,Pending,0.00,0.00,0.827000,82QZLXXJE2,82QZLXXJE2,Female,100.00 %,
315560,A3ROADR7T6811,3Z9WI9EOZ9XYNUTM8PMPFYI0S7IKHZ,3607,11/3/2021 6:35:16 PM,11/3/2021 7:35:23 PM,Pending,0.00,0.00,0.827000,82KIMTX9Z2,82KIMTX9Z2,Male,100.00 %,
315560,A2YGCQC8VDHR4N,33CKWXB73TTLDIMMYQDMIW6U2CL11D,4473,11/3/2021 6:26:49 PM,11/3/2021 7:41:22 PM,Pending,0.00,0.00,0.827000,82CWQITX32,82CWQITX32,Male,100.00 %,
315560,A2I43BDUPAM00C,3IGI0VL64HT9NH0C9F9VRZW5YO3NOX,3269,11/3/2021 6:47:09 PM,11/3/2021 7:41:38 PM,Pending,0.00,0.00,0.827000,823ZFN4I8,823ZFN4I8,Female,100.00 %,
315560,ATUA5M7PLS8W3,3PM8NZGV88PHKNRWQYO8E6I3F3RQXO,5128,11/3/2021 6:27:28 PM,11/3/2021 7:52:56 PM,Pending,0.00,0.00,0.827000,82RIYN8ZP2,82RIYN8ZP2,Male,100.00 %,
315560,A1YHIQHLLLQIIQ,39RP059MER2JM5Q3T9P98076MZ8MBQ,3486,11/3/2021 7:09:31 PM,11/3/2021 8:07:37 PM,Pending,0.00,0.00,0.827000,82M6PQ2992,82M6PQ2992,Female,100.00 %,
315560,A1WPGNK8Y65BV3,3X1FV8S5J70Y39SNNNIEW7HGT5HGVN,3514,11/3/2021 7:09:53 PM,11/3/2021 8:08:27 PM,Pending,0.00,0.00,0.827000,82GGENYSX2,82GGENYSX2,Female,100.00 %,
315560,A3NHBXYOMMJ2W6,34Q075JO17ML6T14279M4RNKXKM01G,3514,11/3/2021 7:12:50 PM,11/3/2021 8:11:24 PM,Pending,0.00,0.00,0.827000,82KR76J42,82KR76J42,Female,100.00 %,
315560,ANUA9X7BFPTR8,3VNL7UK1XPSDCHS378CHD4TJV50TFK,4160,11/3/2021 7:02:54 PM,11/3/2021 8:12:14 PM,Pending,0.00,0.00,0.827000,82TTCSSUV2,82TTCSSUV2,Female,100.00 %,
315560,A1NIKHUA79SWGD,3JMSRU9HQS30JVWWHSSQW4W4GPVVEE,4764,11/3/2021 6:57:51 PM,11/3/2021 8:17:15 PM,Pending,0.00,0.00,0.827000,82V4QW39M2,82V4QW39M2,Male,100.00 %,
315560,ANKDLLQHHM2OH,3KYQYYSHY5G0159ZKLVSVUKBKK5DO9,3744,11/3/2021 7:17:13 PM,11/3/2021 8:19:37 PM,Pending,0.00,0.00,0.827000,987189,825KV9YY34,,,
315560,AUZXHSWDT1PYQ,3QY5DC2MX1TSCU7S7D2RI0FLEJCUFH,3127,11/3/2021 7:42:57 PM,11/3/2021 8:35:04 PM,Pending,0.00,0.00,0.827000,82UL27TCQ2,82UL27TCQ2,Female,100.00 %,
315560,AO71E3MTYDM8L,3XC1O3LBO2VZC92ZTJFF8HY3S1VLTQ,2606,11/3/2021 7:58:27 PM,11/3/2021 8:41:53 PM,Pending,0.00,0.00,0.827000,851572,82LYF2V38,Female,100.00 %,
315560,A11FRLH5KWRLBV,3TEM0PF1QF6FYOHGI0TH5TOTMHPD0J,5277,11/3/2021 7:14:58 PM,11/3/2021 8:42:55 PM,Pending,0.00,0.00,0.827000,A11FRLH5KWRLBV,82PTIFFT2,Male,100.00 %,
315560,A1WZY0K6IE3ASG,3JRJSWSMQRUG7MUDXIMKD94LP56E34,3684,11/3/2021 7:41:54 PM,11/3/2021 8:43:18 PM,Pending,0.00,0.00,0.827000,82ELKDGMJ8,82ELKDGMJ8,Male,93.33 %,
315560,A2JMEQ3KQFQCRM,3TPWUS5F8JAY1MCNBBRRSIFF2MZCWR,2836,11/3/2021 7:59:52 PM,11/3/2021 8:47:08 PM,Pending,0.00,0.00,0.827000,82CFRNA5P2,82CFRNA5P2,Female,100.00 %,
315560,A2J43GKTP92XM2,3KIBXJ1WDF38FBF9C2HFZ7F14TAOK5,2730,11/3/2021 8:06:11 PM,11/3/2021 8:51:41 PM,Pending,0.00,0.00,0.827000,82A72BFX34,82A72BFX34,Male,100.00 %,
315560,ALDQRWYZ8KQ9A,3GU1KF0O4SAP78NGLPH1P411R4WBPO,3255,11/3/2021 7:58:45 PM,11/3/2021 8:53:00 PM,Pending,0.00,0.00,0.827000,82WPGPF34,82WPGPF34,Male,100.00 %,
315560,A2DUM57VSJIV4D,3HL8HNGX4FAUS2JP9270M4S71Y69F9,3238,11/3/2021 7:59:17 PM,11/3/2021 8:53:15 PM,Pending,0.00,0.00,0.827000,829S22FNH2,829S22FNH2,Male,100.00 %,
315560,ATKNH6OR2G11O,3GLB5JMZF74C9SS1W2IKQLB9TYMGDX,2956,11/3/2021 8:04:19 PM,11/3/2021 8:53:35 PM,Pending,0.00,0.00,0.827000,82G9KS4ML2,82G9KS4ML2,Female,100.00 %,
315560,AN5WGHGM4BTJ2,3XM0HYN6NU8NEBZ0VGJRQC7MU19EPR,3416,11/3/2021 7:59:12 PM,11/3/2021 8:56:08 PM,Pending,0.00,0.00,0.827000,82E7JBUY34,82E7JBUY34,Female,100.00 %,
315560,AVFMTS8A5R4XK,3R5F3LQFVCT346EVC3KPMM3E827OZB,3986,11/3/2021 7:57:15 PM,11/3/2021 9:03:41 PM,Pending,0.00,0.00,0.827000,8273KETQ52,8273KETQ52,Male,50.00 %,
315560,A1HRH92NH49RX2,3MMN5BL1W9DEJAMQEGA3QH9UY7U3MF,4193,11/3/2021 7:57:11 PM,11/3/2021 9:07:04 PM,Pending,0.00,0.00,0.827000,823U3QELM2,823U3QELM2,Male,66.67 %,
315560,A3NKNOE5HIXXL,3Z3ZLGNNSS354PKI69HK7QTZ8853QG,4492,11/3/2021 7:58:30 PM,11/3/2021 9:13:22 PM,Pending,0.00,0.00,0.827000,823ZKI5NZ8,823ZKI5NZ8,Female,100.00 %,
315560,A3C59PV8Q2TV8A,3M68NM076RG4D9M02Q4IJJFOELCR6E,3533,11/3/2021 8:18:30 PM,11/3/2021 9:17:23 PM,Pending,0.00,0.00,0.827000,82RF49RN34,82RF49RN34,Male,100.00 %,
315560,A255RBA8P0K0XV,3KMS4QQVKCZE9Y2GDZYPCD6NCSJFKA,4614,11/3/2021 8:07:23 PM,11/3/2021 9:24:17 PM,Pending,0.00,0.00,0.827000,82FNPGEVS8,82FNPGEVS8,Male,100.00 %,
315560,A29E32MWE9CE40,3D4CH1LGEK2062FKKMDI4PSJ2DFG9O,2424,11/3/2021 8:57:17 PM,11/3/2021 9:37:41 PM,Pending,0.00,0.00,0.827000,82FSDFKH34,82FSDFKH34,Male,100.00 %,
315560,AE63GABJL0FGJ,3V26SBZTBNNF3AS2ECV62KAIS6XZZB,3478,11/3/2021 8:54:19 PM,11/3/2021 9:52:17 PM,Pending,0.00,0.00,0.827000,82ZI62FT68,82ZI62FT68,Female,100.00 %,
315560,A27U34JQKVDTA3,3CCZ6YKWRHS2Q5Q03QUR0S1UC4159V,3776,11/3/2021 8:55:57 PM,11/3/2021 9:58:53 PM,Pending,0.00,0.00,0.827000,825S32WZ8,825S32WZ8,,,
315560,A29WHPBW1R07CT,37TD41K0ARI5U5VER6HQVTCUW9DSC2,3591,11/3/2021 9:05:50 PM,11/3/2021 10:05:41 PM,Pending,0.00,0.00,0.827000,82SUQE5K72,82SUQE5K72,Female,100.00 %,
315560,A26ULCPI7UC9R0,3DIP6YHAPM128J0J9ZHG4QCW5RAE88,2975,11/3/2021 9:35:32 PM,11/3/2021 10:25:07 PM,Pending,0.00,0.00,0.827000,82EWGJMYD2,82EWGJMYD2,Male,100.00 %,
315560,A2C8CPT60DE5V8,39GAF6DQW191ZU2K54XBPKDARGKV1O,3498,11/3/2021 9:38:37 PM,11/3/2021 10:36:55 PM,Pending,0.00,0.00,0.827000,82GK4UQA8,82GK4UQA8,,,
315560,AYYBMS4XQJ9AP,30OG32W0S4KNBQNNF16ZMN2RUMNNEJ,3545,11/3/2021 9:41:16 PM,11/3/2021 10:40:21 PM,Pending,0.00,0.00,0.827000,82NRZNK28,82NRZNK28,Female,100.00 %,
315560,A6DKMIDI7R0YN,386CSBG1O9V41870PBFIET5JIZM6Q4,3815,11/3/2021 9:37:05 PM,11/3/2021 10:40:40 PM,Pending,0.00,0.00,0.827000,826JI79C8,826JI79C8,Male,100.00 %,
315560,A1CE3DR200PXSS,32KTQ2V7RNO0YCB6VPBDHUCGYZWM97,4012,11/3/2021 9:35:25 PM,11/3/2021 10:42:17 PM,Pending,0.00,0.00,0.827000,82MGD6N222,82MGD6N222,,,
315560,A20XDCBFKG4TEE,37M28K1J00MO2NFQKYCLXXVJ0NHJAD,4923,11/3/2021 9:21:07 PM,11/3/2021 10:43:10 PM,Pending,0.00,0.00,0.827000,82JVCFJM2,82JVCFJM2,,,
315560,A2M6URTK6WO6XJ,3NG53N1RL5S65AP9IDXRY2B0JYOP8G,4568,11/3/2021 9:29:18 PM,11/3/2021 10:45:26 PM,Pending,0.00,0.00,0.827000,82P2DA5334,82P2DA5334,Female,100.00 %,
315560,ACI0C2WU1NABK,3RGU30DZTKHP4OOFH12Q6OQJU46MJ0,5375,11/3/2021 9:22:23 PM,11/3/2021 10:51:58 PM,Pending,0.00,0.00,0.827000,841921,826QHHDR2,Female,100.00 %,
315560,APU8QVDVUZB3Y,3X73LLYYQBNZV0EP52E57QZ4M2EHNS,5158,11/3/2021 9:31:54 PM,11/3/2021 10:57:52 PM,Pending,0.00,0.00,0.827000,APU8QVDVUZB3Y,82H45PNY72,Female,100.00 %,
315560,A2328BC1EPV043,340UGXU9D8AH8RTI7S7V0MI72DIUVN,5317,11/3/2021 9:38:38 PM,11/3/2021 11:07:15 PM,Pending,0.00,0.00,0.827000,82U77TAU42,82U77TAU42,Female,100.00 %,
315560,A2K08PIXXDQLU0,3CN4LGXD57XZVNU8XX3XUHO7LI2Y4L,3955,11/3/2021 10:14:18 PM,11/3/2021 11:20:13 PM,Pending,0.00,0.00,0.827000,82Y73UXXN2,82Y73UXXN2,Female,100.00 %,
315560,A1M9GVOP0L2IWA,3KV0LJBBHCU62C7SP6BZ8FCA4ONRMQ,5182,11/4/2021 1:14:26 AM,11/4/2021 2:40:48 AM,Pending,0.00,0.00,0.827000,82RCB7UBK2,82RCB7UBK2,Female,100.00 %,
